item_id,source_row,Subject,Level,Country,Question,Context,Option 1,Option 2,Option 3,Option 4,Option 5,n_options,gold,user_prompt,f16_pred,f16_valid,f16_content,f16_confidence,f16_margin,f16_entropy,f16_prob_complete,f16_tokens_evaluated,f16_prompt_ms,f16_p1,f16_p2,f16_p3,f16_p4,f16_p5,q4_pred,q4_valid,q4_content,q4_confidence,q4_margin,q4_entropy,q4_prob_complete,q4_tokens_evaluated,q4_prompt_ms,q4_p1,q4_p2,q4_p3,q4_p4,q4_p5,f16_correct,q4_correct,correct_to_wrong,wrong_to_correct,prediction_changed
ammlu_8479,8479,Geography,High,Jordan,زيادة المساحات الخضراء والتشجير في المناطق الحضرية هو من فوائد التخطيط:,,البيئية,الصحية,الاجتماعية,الاقتصادية,,4,1,"اختر الإجابة الصحيحة من الخيارات التالية. أخرج رقمًا واحدًا فقط.

السؤال:
زيادة المساحات الخضراء والتشجير في المناطق الحضرية هو من فوائد التخطيط:

الخيارات:
1) البيئية
2) الصحية
3) الاجتماعية
4) الاقتصادية",1,True,3,0.5943644132528028,0.3597363568544757,0.7656619276869159,True,105,5003.826,0.2346280563983271,0.5943644132528028,0.058791483721494134,0.11221604662737604,0.0,0,True,4,0.4375037019374129,0.221759397074192,0.9314773362245751,True,105,3101.414,0.4375037019374129,0.13435249206164804,0.21239950113771816,0.21574430486322088,0.0,True,False,True,False,True
ammlu_12842,12842,Islamic Studies,Primary,Jordan,تزوج الرسول محمد عليه الصلاة والسلام من السيدة خديجة رضي الله عنها :,,غير صحيح,صحيح,,,,2,1,"اختر الإجابة الصحيحة من الخيارات التالية. أخرج رقمًا واحدًا فقط.

السؤال:
تزوج الرسول محمد عليه الصلاة والسلام من السيدة خديجة رضي الله عنها :

الخيارات:
1) غير صحيح
2) صحيح",1,True,2,0.5903378454470839,0.18067569089416785,0.9763227287455623,True,95,3695.183,0.40966215455291605,0.5903378454470839,0.0,0.0,0.0,0,True,2,0.6949124122977562,0.38982482459551243,0.8874213022052184,True,95,2301.379,0.6949124122977562,0.3050875877022438,0.0,0.0,0.0,True,False,True,False,True
ammlu_1931,1931,Natural Science,Primary,Jordan,تنمو الأشجار الطويلة جدا والكبيرة في إحدى البيئات الآتية:,,الغابة,الصحراء,المناطق العشبية,المناطق القطبية,,4,0,"اختر الإجابة الصحيحة من الخيارات التالية. أخرج رقمًا واحدًا فقط.

السؤال:
تنمو الأشجار الطويلة جدا والكبيرة في إحدى البيئات الآتية:

الخيارات:
1) الغابة
2) الصحراء
3) المناطق العشبية
4) المناطق القطبية",0,True,1,0.4662839857169238,0.21064836179182606,0.8703262364221833,True,109,4859.413,0.4662839857169238,0.06091122070162037,0.2171691696563581,0.25563562392509775,0.0,2,True,2,0.39855948090553284,0.08159372210502625,0.9211862357958425,True,109,3006.794,0.3169657588005066,0.10748074948787689,0.39855948090553284,0.17699401080608368,0.0,True,False,True,False,True
ammlu_12832,12832,Islamic Studies,Primary,Jordan,أحافظ على الهدوء في بيتي ولا أزعج جيراني هذا التصرف من آداب,,البيت,الخروج من المنزل,الضيافة,المسجد,,4,0,"اختر الإجابة الصحيحة من الخيارات التالية. أخرج رقمًا واحدًا فقط.

السؤال:
أحافظ على الهدوء في بيتي ولا أزعج جيراني هذا التصرف من آداب

الخيارات:
1) البيت
2) الخروج من المنزل
3) الضيافة
4) المسجد",0,True,4,0.5822132867680857,0.37514627804655987,0.8023269387016774,True,109,4876.736,0.5822132867680857,0.0878077295558516,0.12291197495453683,0.20706700872152586,0.0,2,True,4,0.3316032999424837,0.08495658991516439,0.984466957119601,True,109,3024.05,0.24664671002731933,0.23588492518522786,0.3316032999424837,0.18586506484496906,0.0,True,False,True,False,True
ammlu_3746,3746,General Knowledge,Unknown,Unknown,كم عدد أجنحة النحلة؟,,جناحان,4 أجنحة,6أجنحة,8 أجنحة,,4,1,"اختر الإجابة الصحيحة من الخيارات التالية. أخرج رقمًا واحدًا فقط.

السؤال:
كم عدد أجنحة النحلة؟

الخيارات:
1) جناحان
2) 4 أجنحة
3) 6أجنحة
4) 8 أجنحة",1,True,3,0.41297514769573923,0.10245990083795253,0.9182707975494316,True,101,5080.094,0.15681973823092152,0.41297514769573923,0.3105152468577867,0.11968986721555257,0.0,0,True,3,0.4100103287366426,0.16375920466420216,0.9347852994913459,True,101,3150.976,0.4100103287366426,0.23005682412930278,0.24625112407244046,0.11368172306161413,0.0,True,False,True,False,True
ammlu_8620,8620,Geography,High,Jordan,الاتفاقية التي حددت في عام 1997م ، خطة تبادل الانبعاثات الكرونية بين الدول الصناعية والدول النامية هي :,,قمة الأرض,اتفاقية كيوتو,اتفاقية فينا,اتفاقية باريس,,4,1,"اختر الإجابة الصحيحة من الخيارات التالية. أخرج رقمًا واحدًا فقط.

السؤال:
الاتفاقية التي حددت في عام 1997م ، خطة تبادل الانبعاثات الكرونية بين الدول الصناعية والدول النامية هي :

الخيارات:
1) قمة الأرض
2) اتفاقية كيوتو
3) اتفاقية فينا
4) اتفاقية باريس",1,True,3,0.4390571080435855,0.006341691366584856,0.7499631142808364,True,138,5274.061,0.01822604431344371,0.4390571080435855,0.43271541667700064,0.11000143096597012,0.0,2,True,3,0.4760196501248378,0.09375758825863523,0.7749301754802008,True,138,3275.94,0.0325962160932697,0.3822620618662026,0.4760196501248378,0.10912207191568986,0.0,True,False,True,False,True
ammlu_7852,7852,Geography,Primary,Jordan,تتميز نباتات الإقليم الصحراوي أنها: ,,غير رطبة ,عدم تخزين المياه لفترات طويلة ,لا شيء مما ذكر ,تتحمل الجفاف ,,4,3,"اختر الإجابة الصحيحة من الخيارات التالية. أخرج رقمًا واحدًا فقط.

السؤال:
تتميز نباتات الإقليم الصحراوي أنها:

الخيارات:
1) غير رطبة
2) عدم تخزين المياه لفترات طويلة
3) لا شيء مما ذكر
4) تتحمل الجفاف",3,True,4,0.47406825918417983,0.0954276616616952,0.7925853736698216,True,109,5696.045,0.05108904010895017,0.0962021031843854,0.37864059752248463,0.47406825918417983,0.0,2,True,4,0.43702631910827555,0.13711391549368385,0.8882295837893863,True,109,3538.47,0.07489341950666385,0.2999124036145917,0.43702631910827555,0.1881678577704689,0.0,True,False,True,False,True
ammlu_10504,10504,Biology,High,Egypt,احدث صور التكاثر اللاجنسي,,الانشطار الثنائي,التكاثر بالجراثيم,زراعه الانسجه,,,3,2,"اختر الإجابة الصحيحة من الخيارات التالية. أخرج رقمًا واحدًا فقط.

السؤال:
احدث صور التكاثر اللاجنسي

الخيارات:
1) الانشطار الثنائي
2) التكاثر بالجراثيم
3) زراعه الانسجه",2,True,3,0.42461496650784175,0.06462949989634514,0.9668580016258985,True,102,4596.241,0.21539956688066159,0.3599854666114966,0.42461496650784175,0.0,0.0,1,True,3,0.4331825405937842,0.08491536792743581,0.966768632816969,True,102,2847.461,0.21855028673986743,0.4331825405937842,0.3482671726663484,0.0,0.0,True,False,True,False,True
ammlu_5243,5243,Social Science,Middle,Unknown,من أمثلة القيم الاجتماعية :-,,إكرام الضيف,نبذ الحروب,بر الوالدين,لا التبرع بالدم,,4,1,"اختر الإجابة الصحيحة من الخيارات التالية. أخرج رقمًا واحدًا فقط.

السؤال:
من أمثلة القيم الاجتماعية :-

الخيارات:
1) إكرام الضيف
2) نبذ الحروب
3) بر الوالدين
4) لا التبرع بالدم",1,True,3,0.41319474071344453,0.1037739961945659,0.9205371836669217,True,102,6611.765,0.13895758027226493,0.41319474071344453,0.30942074451887863,0.1384269344954119,0.0,2,True,3,0.4244964707335225,0.11988169418719852,0.9137262422509346,True,102,4081.128,0.1451354134042064,0.30461477654632396,0.4244964707335225,0.12575333931594715,0.0,True,False,True,False,True
