item_id,flip,logistic_risk,random_forest_risk
ammlu_490,0,0.7198637873829958,0.4778951732928403
ammlu_13241,0,0.00532144828373485,0.12660981861682952
ammlu_12640,0,0.023043916116930113,0.16209434579212786
ammlu_8479,1,0.9314616073861979,0.34661539143441616
ammlu_4586,0,0.06485176445397726,0.08909824572455444
ammlu_4216,0,0.0008433823724981036,0.06344419576187592
ammlu_7803,0,0.952054756459172,0.3327705179221925
ammlu_14402,0,0.03694915408560158,0.06835362550034196
ammlu_3742,0,0.08102998908949972,0.17619087744223666
ammlu_7949,0,0.32348358972161434,0.05847464724051041
ammlu_9396,0,0.012414287930635783,0.07382303781643984
ammlu_8631,0,0.011571845589574312,0.06399854842387848
ammlu_13282,0,0.0016374352300204437,0.13377419712143987
ammlu_12411,0,0.7496665639819112,0.3573174533742884
ammlu_2814,0,0.002118404334664833,0.026669686963021553
ammlu_7760,0,0.40343161837426855,0.5180068408852088
ammlu_12705,0,0.0007117084049631704,0.01105896108214495
ammlu_7300,0,0.03712940621181861,0.02466050442729101
ammlu_7243,0,0.0019101674203187743,0.030686148623969674
ammlu_8793,0,0.8979480600527998,0.36629140888552286
ammlu_1419,0,0.019546255443926866,0.03678346734076169
ammlu_11665,0,0.0033244597146984685,0.023085241343696546
ammlu_2312,0,0.008531337515824362,0.03343645350246596
ammlu_13545,0,2.059473595631481e-06,0.023067117863906438
ammlu_13077,0,0.022806968792520085,0.10037082932093166
ammlu_4304,0,0.06558305320431304,0.05315755069163033
ammlu_14151,0,1.2390494837583927e-05,0.010351938349637007
ammlu_13700,0,0.004429792034568172,0.03053817690753309
ammlu_705,0,0.0004966012371573184,0.004066274634456453
ammlu_241,0,0.0014473516165043766,0.02161982030071175
ammlu_740,0,0.001287026344311018,0.00381663205951631
ammlu_9068,0,0.009722137868426689,0.07863041785164748
ammlu_9473,0,0.6795312992798718,0.3233124335222731
ammlu_10227,0,0.2660406310238022,0.19959820333394657
ammlu_10242,0,0.003905653489053218,0.04453003159789703
ammlu_11595,0,0.04070597844584285,0.07450493445313712
ammlu_8659,0,0.016113189286915942,0.029850064279885572
ammlu_8776,0,0.9642201512848406,0.2653205489649555
ammlu_6756,0,0.014182853666497849,0.03315589158970751
ammlu_9687,0,0.47461618710182507,0.49363918109709315
ammlu_7340,0,0.3455193059771321,0.28544656588718526
ammlu_4482,0,8.772827528119476e-05,0.03832914345230777
ammlu_8301,0,0.03978259281682472,0.10953051404755375
ammlu_7045,0,0.00011775828007162353,0.008824758349779993
ammlu_14430,0,0.22741840516068612,0.2832099647170568
ammlu_13630,0,0.25803711268391705,0.11770526528742917
ammlu_2182,0,0.3271798155757211,0.16273832330444915
ammlu_6335,0,0.03691521490689171,0.1142346690219429
ammlu_13514,0,9.184313343145145e-07,0.023067117863906438
ammlu_2757,0,0.39887922255988506,0.4013006575242191
ammlu_5841,0,0.0008437405468766266,0.06845728241853288
ammlu_6024,0,0.00036109812901615406,0.03956204693126557
ammlu_9970,0,0.0022622218332933423,0.035860196077426014
ammlu_12842,1,0.33011707666592915,0.09145688707609857
ammlu_7061,0,0.7000379015407445,0.42478812027419155
ammlu_11981,0,0.0017663472942861934,0.13820597680832114
ammlu_491,0,0.08050775657494225,0.08800990332030406
ammlu_3686,0,0.008733132647739478,0.02177764407949986
ammlu_11280,0,0.0017937901437657042,0.01794389409783879
ammlu_8014,0,0.028096874696985713,0.0879778401258097
ammlu_4646,0,0.013931072653234776,0.02782085071960151
ammlu_7996,0,0.002099291220517359,0.06793352290869673
ammlu_9796,0,0.011568505209468314,0.040529676126474116
ammlu_12310,0,0.2702989605890915,0.33651099780131766
ammlu_11837,0,0.002107267760573288,0.03885011196577006
ammlu_1137,0,0.048519822990242524,0.037908404094362025
ammlu_97,0,0.15909036361897672,0.11101354691779054
ammlu_9839,0,0.005183389901621683,0.02278015942464836
ammlu_8234,0,0.06774252833901753,0.0818434711680187
ammlu_11374,0,0.1359689518832111,0.10368597013844663
ammlu_3058,0,0.10724534736442942,0.25424475636479366
ammlu_6631,0,0.0006513600682821736,0.009893995887000464
ammlu_14133,0,0.010517752818026468,0.07063997467301221
ammlu_7602,0,0.00022341169700579926,0.05302640191424093
ammlu_14000,0,0.0060997561149260275,0.050761489500672524
ammlu_1931,1,0.466324222905326,0.4335387412783039
ammlu_9434,0,0.12470825441338969,0.2687423080300556
ammlu_4672,0,0.022904812350080992,0.0
ammlu_12832,1,0.7933359428488587,0.5658116977645996
ammlu_11857,0,0.05139442705292024,0.04534364169835973
ammlu_14046,0,0.09276769938519312,0.12478186406370448
ammlu_8298,0,0.0021527256644796313,0.07922499948674697
ammlu_4953,0,0.017302545274901174,0.022147980221225293
ammlu_515,0,2.7861199700200515e-06,0.034996440311185976
ammlu_8120,0,0.038201982506123416,0.06790026547631917
ammlu_9619,0,0.10203904568982386,0.08146928379691981
ammlu_10214,0,0.1283068918694808,0.2968277504437918
ammlu_14108,0,0.02984176406394152,0.06533442553578502
ammlu_331,0,0.0010953050865681359,0.049545718876741585
ammlu_9161,0,0.018453456394916776,0.09944154779460657
ammlu_2538,0,0.20023999882780064,0.3516743670127336
ammlu_11953,0,0.008048730093472968,0.09024101924635848
ammlu_1995,0,0.48047133315682566,0.22733384196313935
ammlu_12699,0,0.00180069249139719,0.07206563065664985
ammlu_677,0,0.024801341474881756,0.009524613933891557
ammlu_7632,0,0.4306293709121753,0.160792048565766
ammlu_1245,0,0.00548079218026472,0.0028645414631129802
ammlu_1284,0,0.015501102804215657,0.042868647965871996
ammlu_2336,0,0.2626168112884837,0.4461815072848177
ammlu_4282,0,0.8874187916289159,0.5459756046544156
ammlu_11034,0,0.06266690862912691,0.018160812298747993
ammlu_7797,0,0.35751397461232437,0.30305115534182714
ammlu_3942,0,0.019202981536383827,0.038860372569734666
ammlu_4242,0,0.19460969273154918,0.1532930269057509
ammlu_14117,0,0.780797381144651,0.36323916933295536
ammlu_14028,0,0.07371986691318869,0.07846427881614693
ammlu_2657,0,0.21761315436745673,0.4240576561618763
ammlu_1814,0,0.007729221694171027,0.06352281220511379
ammlu_5497,0,0.0002659147698073991,0.05772143278706466
ammlu_6721,0,0.07804469526177578,0.10286076833751387
ammlu_3198,0,0.17583134624461658,0.14870084512233275
ammlu_3798,0,0.04761886841114493,0.08886586373320628
ammlu_5039,0,0.009224289557583547,0.07800183013205168
ammlu_999,0,0.0011249908493452202,0.006246340578411872
ammlu_4373,0,0.5928273514319499,0.37013752464270666
ammlu_11782,0,0.00020668628664495463,0.014373304669100478
ammlu_6155,0,0.0018738129315088157,0.07464639356684225
ammlu_14273,0,0.05307205613170172,0.04082116062175081
ammlu_9287,0,0.512680394652164,0.19250844992882254
ammlu_5924,0,0.004806311210232538,0.08475149963547707
ammlu_2951,0,0.027803403938303,0.03770165225285025
ammlu_7147,0,0.05532867685703213,0.03330435349238009
ammlu_6029,0,0.018360433657197903,0.05910852880893439
ammlu_3703,0,0.17993451675965547,0.19166758109788146
ammlu_12868,0,0.872777961351853,0.5660987364988694
ammlu_10467,0,0.05326353438560502,0.037119301394094896
ammlu_13490,0,0.0010051289597467353,0.026740359532644867
ammlu_9076,0,0.4114219005207753,0.166362332801394
ammlu_10519,0,0.032664141351218964,0.034965600335497414
ammlu_8411,0,0.03588053333394865,0.10815994397015764
ammlu_6208,0,0.00010619274907279429,0.03893226619332701
ammlu_3746,1,0.3550228336099893,0.1572686117063361
ammlu_4599,0,0.006630668413833485,0.007238998405244216
ammlu_980,0,0.03286438284749397,0.017336994993246604
ammlu_6510,0,0.3244361071738042,0.174889579796299
ammlu_2672,0,0.1626208384737182,0.27819218732058515
ammlu_6626,0,0.0022257284418593644,0.02904481831028491
ammlu_9508,0,0.0788277173366728,0.18276303297890611
ammlu_11941,0,1.0415766260427137e-05,0.011132758663122353
ammlu_863,0,1.3545386102040718e-05,0.04489560590304165
ammlu_5826,0,0.05287709018059766,0.09053739511828304
ammlu_12298,0,0.19848074747264483,0.10448148067042115
ammlu_2322,0,0.768815953766288,0.391749757701297
ammlu_2707,0,0.0009002008240967148,0.03672287078178411
ammlu_5229,0,0.0408375132125769,0.05902169606902378
ammlu_2628,0,0.09487361579980505,0.2442015269494343
ammlu_9144,0,0.21211955095995952,0.11793688699510646
ammlu_8620,1,0.2234173925198676,0.10359766556615196
ammlu_4001,0,0.005247798850569274,0.013928205515457403
ammlu_12377,0,0.005351096986084021,0.011271627382262638
ammlu_6748,0,0.00044788237282313644,0.020167886540364287
ammlu_2279,0,0.10945197361693805,0.09412236341177639
ammlu_11185,0,0.01743781639915359,0.009901545335698203
ammlu_10676,0,8.370095301895058e-07,0.027203982856693697
ammlu_7852,1,0.8526678846873312,0.48785827857920155
ammlu_5761,0,0.0007353821544397938,0.04803421068741001
ammlu_1777,0,0.19144909947686728,0.2034987375151408
ammlu_10369,0,0.008057818067377891,0.00975401434821247
ammlu_3688,0,0.2567920097563036,0.2765884257947793
ammlu_12513,0,0.5352931856343686,0.2730042629877794
ammlu_10504,1,0.17412443018646168,0.34685336389291593
ammlu_1600,0,0.5677232678063161,0.2674300410961392
ammlu_6868,0,0.0008004959949414979,0.017530740798701146
ammlu_2876,0,0.002017600637398191,0.03277520271323466
ammlu_3973,0,0.008378438208371444,0.025692741525529427
ammlu_14448,0,0.009787274601502163,0.03624996358383978
ammlu_3380,0,0.0045550624342685095,0.022691008655246325
ammlu_10781,0,0.04402700018689447,0.14860272258170887
ammlu_6673,0,0.06466518996256056,0.15710783313759039
ammlu_1644,0,0.003498520127445627,0.0028645414631129802
ammlu_6785,0,0.2668347761749537,0.2987389735306999
ammlu_10688,0,6.834760692721565e-06,0.058385512772552654
ammlu_7141,0,0.012490971719044277,0.01782294554968684
ammlu_11402,0,0.010665161825714746,0.039823008085374555
ammlu_2545,0,0.003251633346698384,0.039313033879506284
ammlu_3646,0,0.5644274835739513,0.14369307314645868
ammlu_11626,0,0.4551793363254031,0.4087459008834854
ammlu_10803,0,0.24966950870042712,0.3940680139943387
ammlu_4942,0,0.16926760947165317,0.037347211394637994
ammlu_3410,0,0.00655769287890321,0.022233405900274682
ammlu_9772,0,0.07699532124789188,0.21466381692645745
ammlu_11205,0,0.0010148558503504975,0.013303330337419182
ammlu_13493,0,0.0002910833366037115,0.08161481309802696
ammlu_879,0,3.488485945452421e-05,0.023654853410268704
ammlu_9788,0,0.007868345942542546,0.058652939475629
ammlu_2634,0,1.1888145195999534e-07,0.02054171345491351
ammlu_8557,0,0.013683052162229275,0.08890187313045565
ammlu_14324,0,0.009305600366583304,0.017399095899787238
ammlu_13232,0,0.11174414730035857,0.07244745936515257
ammlu_892,0,0.00026437618142913916,0.03502829859083774
ammlu_7000,0,0.022888989347303424,0.0371264017905449
ammlu_5550,0,0.08986590067601996,0.08535803659187628
ammlu_7531,0,1.7384079618166787e-07,0.01898974251489735
ammlu_8164,0,0.4104971936930578,0.14097076994721378
ammlu_5110,0,0.046679544728182476,0.22680173556957103
ammlu_8741,0,0.22381832010282587,0.09908334672230305
ammlu_9572,0,0.0015097363180341533,0.04228817237824617
ammlu_4636,0,0.7217733747800977,0.6336591343013442
ammlu_983,0,0.0007682774001862855,0.0014666320595163097
ammlu_13869,0,0.0002838736928236662,0.06393985034041506
ammlu_5551,0,0.14834977673582297,0.16716102611088157
ammlu_6137,0,0.457555668081154,0.27724970133766047
ammlu_3372,0,0.2344152449648337,0.3986515829528418
ammlu_14162,0,0.15560959305221633,0.0747699664672604
ammlu_533,0,0.0038230617363846624,0.02318538657908826
ammlu_5838,0,0.0010895288992272387,0.0560213808598336
ammlu_351,0,0.01122975033244521,0.011438351398018506
ammlu_3466,0,0.4055276858268039,0.5268865717184137
ammlu_1403,0,3.3063450028903674e-05,0.042324135939072985
ammlu_10238,0,0.12952687735537427,0.03683147886274425
ammlu_2539,0,0.15823182561986102,0.034724090265382535
ammlu_9838,0,0.01004263950792005,0.03885467356510515
ammlu_1923,0,0.12532373103672145,0.03639644814519403
ammlu_13762,0,0.0005705969245944014,0.08582434008471373
ammlu_13686,0,0.0002886458296336563,0.08161481309802696
ammlu_761,0,0.06605749703018438,0.28908303978422084
ammlu_11875,0,0.0006392417700303176,0.023792884338038015
ammlu_11347,0,0.0020856923542951172,0.08258847898623467
ammlu_4850,0,0.002133285148576026,0.025692743604630724
ammlu_11246,0,0.0030231546364349574,0.03703131563769089
ammlu_5061,0,0.057579455050213495,0.169273704736546
ammlu_5652,0,0.7021666092893878,0.3027460259265716
ammlu_3774,0,0.18273611928471747,0.26965718255784027
ammlu_5925,0,0.055645875747348694,0.07554505434299986
ammlu_14121,0,0.4705816897699545,0.3394340848184744
ammlu_263,0,0.0013907905939450772,0.034996440311185976
ammlu_10459,0,0.008661145580699563,0.04734647825588571
ammlu_11749,0,0.14878659681511985,0.34912325190434373
ammlu_9404,0,0.0005738009909239029,0.05506384684816164
ammlu_11859,0,0.00628946570731768,0.011132758663122353
ammlu_5243,1,0.07615105495550378,0.3179418587442485
ammlu_758,0,0.011194173243211591,0.004126774235077831
ammlu_10415,0,0.048305088634667114,0.14444684059176416
ammlu_2459,0,0.08131128492318053,0.03639551909020818
ammlu_7500,0,0.0018874634336336943,0.019814750669945858
ammlu_11868,0,0.004568756390736025,0.188639997815766
ammlu_6509,0,0.5303054934733592,0.501094808950393
ammlu_9041,0,0.003200126204607754,0.030315648479971147
ammlu_13589,0,0.6219139294859946,0.43741509491787495
ammlu_10483,0,0.012127249917522962,0.00975401434821247
