layer,bits,group_size,numel,mse,nmse,max_abs_error,mean_scale
model.layers.0.self_attn.q_proj,4,128,2097152,1.5146516489039641e-05,0.015419825721981464,0.0456194207072258,0.01258853916078806
model.layers.0.self_attn.k_proj,4,128,1048576,1.3406332072918303e-05,0.014286924942959373,0.0304478220641613,0.012054992839694023
model.layers.0.self_attn.v_proj,4,128,1048576,1.0335187653254252e-05,0.014575019440098884,0.0122767873108387,0.010978971607983112
model.layers.0.self_attn.o_proj,4,128,2097152,9.335660251963418e-06,0.014019150805842286,0.02978515625,0.00995991937816143
model.layers.0.mlp.gate_proj,4,128,3145728,1.9183560652891174e-05,0.014297935020765063,0.02734375,0.014669560827314854
model.layers.0.mlp.up_proj,4,128,3145728,9.729528149667507e-06,0.014554746037917753,0.0264892578125,0.010680300183594227
model.layers.0.mlp.down_proj,4,128,3145728,1.0583198066645613e-05,0.015370381000140444,0.0295758917927742,0.011071547865867615
model.layers.1.self_attn.q_proj,4,128,2097152,1.3812608813168481e-05,0.014621083603318466,0.04541015625,0.011911377310752869
model.layers.1.self_attn.k_proj,4,128,1048576,1.22188612294849e-05,0.014575433358868769,0.0253034308552742,0.011413360945880413
model.layers.1.self_attn.v_proj,4,128,1048576,1.162092939921422e-05,0.01438263189689311,0.01427350752055645,0.011657655239105225
model.layers.1.self_attn.o_proj,4,128,2097152,1.0222714990959503e-05,0.014213856662253659,0.020263671875,0.01075008325278759
model.layers.1.mlp.gate_proj,4,128,3145728,2.6628566653622936e-05,0.013898848298976698,0.0309709832072258,0.017402639612555504
model.layers.1.mlp.up_proj,4,128,3145728,7.912313473449709e-06,0.01447409732267331,0.0210135318338871,0.009497401304543018
model.layers.1.mlp.down_proj,4,128,3145728,8.483670778029287e-06,0.016378934669095332,0.0265938900411129,0.009889272972941399
model.layers.2.self_attn.q_proj,4,128,2097152,1.3501312423613854e-05,0.014946752895726273,0.0365513414144516,0.011745762079954147
model.layers.2.self_attn.k_proj,4,128,1048576,1.136542960011866e-05,0.014438831576735934,0.0181536003947258,0.010947000235319138
model.layers.2.self_attn.v_proj,4,128,1048576,1.1295795047772117e-05,0.014511091573334745,0.01297433115541935,0.011345252394676208
model.layers.2.self_attn.o_proj,4,128,2097152,9.443762792216148e-06,0.014259659205866476,0.022321432828903198,0.010252747684717178
model.layers.2.mlp.gate_proj,4,128,3145728,2.2338242464077968e-05,0.014147919298885139,0.0289829783141613,0.01584181748330593
model.layers.2.mlp.up_proj,4,128,3145728,8.153656381182373e-06,0.014556477586413057,0.037841796875,0.00971426721662283
model.layers.2.mlp.down_proj,4,128,3145728,9.275844301252315e-06,0.016524085065653456,0.04150390625,0.010236386209726334
model.layers.3.self_attn.q_proj,4,128,2097152,1.3489405318978243e-05,0.014853500673113309,0.0302734375,0.01178608275949955
model.layers.3.self_attn.k_proj,4,128,1048576,1.311357755184872e-05,0.015830555786853072,0.038818359375,0.011448130942881107
model.layers.3.self_attn.v_proj,4,128,1048576,1.3497779036697466e-05,0.014907978869559118,0.0269775390625,0.012414668686687946
model.layers.3.self_attn.o_proj,4,128,2097152,1.1133297448395751e-05,0.014261023743545138,0.020263671875,0.011159147135913372
model.layers.3.mlp.gate_proj,4,128,3145728,2.231837424915284e-05,0.014051478842455872,0.0341796875,0.01591517962515354
model.layers.3.mlp.up_proj,4,128,3145728,8.752228798888003e-06,0.014459524407423758,0.0213274285197258,0.010060307569801807
model.layers.3.mlp.down_proj,4,128,3145728,8.889660724283507e-06,0.015460750273364996,0.0280064158141613,0.010146569460630417
model.layers.4.self_attn.q_proj,4,128,2097152,1.2543629054562189e-05,0.014526181438285239,0.0379464328289032,0.011578545905649662
model.layers.4.self_attn.k_proj,4,128,1048576,1.1743821232812479e-05,0.014760799758334045,0.0265066958963871,0.011076698079705238
model.layers.4.self_attn.v_proj,4,128,1048576,1.2851826795667876e-05,0.014690960191438587,0.0142299123108387,0.012192797847092152
model.layers.4.self_attn.o_proj,4,128,2097152,1.0542646123212762e-05,0.014409025788250554,0.0257568359375,0.010855049826204777
model.layers.4.mlp.gate_proj,4,128,3145728,2.0214082420958828e-05,0.013855626981739009,0.0291748046875,0.015152926556766033
model.layers.4.mlp.up_proj,4,128,3145728,8.904002849400664e-06,0.014378951589954392,0.018798828125,0.010161113925278187
model.layers.4.mlp.down_proj,4,128,3145728,9.318689990323037e-06,0.015958386624134152,0.027099609375,0.01038051676005125
model.layers.5.self_attn.q_proj,4,128,2097152,1.3684822988579981e-05,0.014708385611144424,0.030412942171096802,0.012048172764480114
model.layers.5.self_attn.k_proj,4,128,1048576,1.1096654816356022e-05,0.014273414485818795,0.0288260318338871,0.011017324402928352
model.layers.5.self_attn.v_proj,4,128,1048576,1.1892629117937759e-05,0.015054315473942727,0.01463971845805645,0.011663359589874744
model.layers.5.self_attn.o_proj,4,128,2097152,1.000401061901357e-05,0.013905516389191621,0.04150390625,0.010498457588255405
model.layers.5.mlp.gate_proj,4,128,3145728,1.6629894768508773e-05,0.014034876813779419,0.040283203125,0.013733651489019394
model.layers.5.mlp.up_proj,4,128,3145728,9.902429762102353e-06,0.014386956998569218,0.0264892578125,0.010714816860854626
model.layers.5.mlp.down_proj,4,128,3145728,1.0234756094481176e-05,0.015748269555807676,0.029541015625,0.010861731134355068
model.layers.6.self_attn.q_proj,4,128,2097152,1.3306587788974866e-05,0.014628708875012494,0.0306222066283226,0.011332967318594456
model.layers.6.self_attn.k_proj,4,128,1048576,1.1608288332354277e-05,0.015257017900607805,0.03515625,0.010614286176860332
model.layers.6.self_attn.v_proj,4,128,1048576,1.1708044439728837e-05,0.01474860192054837,0.01177978515625,0.011604253202676773
model.layers.6.self_attn.o_proj,4,128,2097152,8.943248758441769e-06,0.01421959203730171,0.0255126953125,0.009966752491891384
model.layers.6.mlp.gate_proj,4,128,3145728,1.5711740464515362e-05,0.014010778632182398,0.0221121683716774,0.013348973356187344
model.layers.6.mlp.up_proj,4,128,3145728,9.83901736617554e-06,0.014344820273026745,0.02001953125,0.010687272995710373
model.layers.6.mlp.down_proj,4,128,3145728,9.982946115390709e-06,0.015785874606831285,0.0503627210855484,0.010726157575845718
model.layers.7.self_attn.q_proj,4,128,2097152,1.206920660479227e-05,0.014596096645959917,0.02783203125,0.011375382542610168
model.layers.7.self_attn.k_proj,4,128,1048576,9.904586477205157e-06,0.014349805017150497,0.0193219855427742,0.010419507510960102
model.layers.7.self_attn.v_proj,4,128,1048576,1.1366362741682678e-05,0.014823597237186438,0.0361328125,0.011451632715761662
model.layers.7.self_attn.o_proj,4,128,2097152,9.078354196390137e-06,0.014183627186849913,0.023716524243354797,0.010127080604434013
model.layers.7.mlp.gate_proj,4,128,3145728,1.57460284147722e-05,0.013879004187109793,0.0235595703125,0.013322346843779087
model.layers.7.mlp.up_proj,4,128,3145728,9.679475624579936e-06,0.014311387831445234,0.0205426886677742,0.010569572448730469
model.layers.7.mlp.down_proj,4,128,3145728,9.657672004929433e-06,0.015850869721728025,0.0398995578289032,0.010505872778594494
model.layers.8.self_attn.q_proj,4,128,2097152,1.3054104783805087e-05,0.014538473199732189,0.0239955335855484,0.011410464532673359
model.layers.8.self_attn.k_proj,4,128,1048576,1.1619846191024408e-05,0.015996652182978473,0.0475725457072258,0.010637091472744942
model.layers.8.self_attn.v_proj,4,128,1048576,1.1172867743880488e-05,0.014631739517504568,0.01422119140625,0.011417278088629246
model.layers.8.self_attn.o_proj,4,128,2097152,8.699257705302443e-06,0.014196636491917674,0.0242047980427742,0.009850937873125076
model.layers.8.mlp.gate_proj,4,128,3145728,1.5246666104455167e-05,0.014063409603277314,0.058349609375,0.013052728958427906
model.layers.8.mlp.up_proj,4,128,3145728,9.742571516350532e-06,0.014391754442533678,0.0302734375,0.010628029704093933
model.layers.8.mlp.down_proj,4,128,3145728,9.838885792608684e-06,0.01570275629819822,0.0267333984375,0.010591567493975163
model.layers.9.self_attn.q_proj,4,128,2097152,1.3186112482799217e-05,0.014741448557423473,0.025530129671096802,0.01151864044368267
model.layers.9.self_attn.k_proj,4,128,1048576,1.0739640856627375e-05,0.015143156326859948,0.0380859375,0.010543922893702984
model.layers.9.self_attn.v_proj,4,128,1048576,1.1235162673983723e-05,0.015390111651263421,0.024658203125,0.011255715973675251
model.layers.9.self_attn.o_proj,4,128,2097152,9.037419658852741e-06,0.014348400391614844,0.0249720998108387,0.009907067753374577
model.layers.9.mlp.gate_proj,4,128,3145728,1.616618222518203e-05,0.014185078028607459,0.0322265625,0.013289310969412327
model.layers.9.mlp.up_proj,4,128,3145728,1.0097436946428692e-05,0.014435584161104,0.0179617740213871,0.01078165415674448
model.layers.9.mlp.down_proj,4,128,3145728,9.653265806264244e-06,0.01620219916714223,0.02880859375,0.010471160523593426
model.layers.10.self_attn.q_proj,4,128,2097152,1.2265394616406411e-05,0.014632815878820841,0.0246930792927742,0.011511415243148804
model.layers.10.self_attn.k_proj,4,128,1048576,1.0312700396752916e-05,0.01419225822289133,0.0182756707072258,0.010663874447345734
model.layers.10.self_attn.v_proj,4,128,1048576,1.0634530553943478e-05,0.014602249703478967,0.011858262121677399,0.011125931516289711
model.layers.10.self_attn.o_proj,4,128,2097152,8.646881724416744e-06,0.014301146083635622,0.0227399542927742,0.009783430024981499
model.layers.10.mlp.gate_proj,4,128,3145728,1.6205090408523876e-05,0.014392774310454654,0.0371791273355484,0.013104883022606373
model.layers.10.mlp.up_proj,4,128,3145728,1.0170771323222047e-05,0.01486219102546306,0.0309361033141613,0.010741960257291794
model.layers.10.mlp.down_proj,4,128,3145728,9.597188181942329e-06,0.017184045023708537,0.0274135060608387,0.01040805596858263
model.layers.11.self_attn.q_proj,4,128,2097152,1.4730386283190455e-05,0.015065417395630479,0.03173828125,0.011796250939369202
model.layers.11.self_attn.k_proj,4,128,1048576,1.0890692465181928e-05,0.01537222774042045,0.026646196842193604,0.010533125139772892
model.layers.11.self_attn.v_proj,4,128,1048576,1.0376910722698085e-05,0.01573295370606198,0.0153459832072258,0.010836430825293064
model.layers.11.self_attn.o_proj,4,128,2097152,7.875420124037191e-06,0.014515713600153978,0.0281110480427742,0.008958724327385426
model.layers.11.mlp.gate_proj,4,128,3145728,1.3911981416943794e-05,0.014417807947169013,0.0362723171710968,0.012292231433093548
model.layers.11.mlp.up_proj,4,128,3145728,1.05625695141498e-05,0.014520786832589856,0.0198974609375,0.010996348224580288
model.layers.11.mlp.down_proj,4,128,3145728,1.0281915213757506e-05,0.016359332906449375,0.0287039615213871,0.010796647518873215
model.layers.12.self_attn.q_proj,4,128,2097152,1.328593680227641e-05,0.014516140200263013,0.0263671875,0.011526724323630333
model.layers.12.self_attn.k_proj,4,128,1048576,9.650224455981515e-06,0.01463512887534157,0.026646211743354797,0.010095932520925999
model.layers.12.self_attn.v_proj,4,128,1048576,1.0045946510217618e-05,0.01447280189999289,0.0111258365213871,0.010813615284860134
model.layers.12.self_attn.o_proj,4,128,2097152,7.692869985476136e-06,0.014222834104367971,0.0205078125,0.009255897253751755
model.layers.12.mlp.gate_proj,4,128,3145728,1.2652897567022592e-05,0.014335845001977175,0.022705078125,0.011770476587116718
model.layers.12.mlp.up_proj,4,128,3145728,1.0342249879613519e-05,0.014603257827372824,0.0203857421875,0.010882347822189331
model.layers.12.mlp.down_proj,4,128,3145728,1.0066438941673065e-05,0.016147849012069206,0.03466796875,0.010641473345458508
model.layers.13.self_attn.q_proj,4,128,2097152,1.2271056220924947e-05,0.014473242737775623,0.0329938605427742,0.010957363061606884
model.layers.13.self_attn.k_proj,4,128,1048576,8.614954822405707e-06,0.014621913385860223,0.021240234375,0.009544119238853455
model.layers.13.self_attn.v_proj,4,128,1048576,1.0017023669206537e-05,0.014494415888818665,0.0109514519572258,0.010786491446197033
model.layers.13.self_attn.o_proj,4,128,2097152,7.266209195222473e-06,0.014310701769364482,0.0175083689391613,0.008953510783612728
model.layers.13.mlp.gate_proj,4,128,3145728,1.1882152951632937e-05,0.014607512555655823,0.036551326513290405,0.011309269815683365
model.layers.13.mlp.up_proj,4,128,3145728,9.55349181216055e-06,0.014659518947448776,0.0172119140625,0.010451664216816425
model.layers.13.mlp.down_proj,4,128,3145728,9.634689680145433e-06,0.016712161654603475,0.032470703125,0.010422526858747005
model.layers.14.self_attn.q_proj,4,128,2097152,1.2008684279862791e-05,0.014722151952254322,0.0245535708963871,0.010950394906103611
model.layers.14.self_attn.k_proj,4,128,1048576,8.80968764249701e-06,0.015069116771324595,0.024553567171096802,0.009486713446676731
model.layers.14.self_attn.v_proj,4,128,1048576,9.010374924400821e-06,0.01460504790414529,0.010846823453903198,0.010224789381027222
model.layers.14.self_attn.o_proj,4,128,2097152,6.858213055238593e-06,0.014265821515596386,0.0199497789144516,0.008728642016649246
model.layers.14.mlp.gate_proj,4,128,3145728,1.1015282022223497e-05,0.014818079781525169,0.0310407355427742,0.010847712866961956
model.layers.14.mlp.up_proj,4,128,3145728,9.01786855441363e-06,0.01486793466063185,0.0239955335855484,0.010128817521035671
model.layers.14.mlp.down_proj,4,128,3145728,9.55617482153078e-06,0.017146264164458812,0.024658203125,0.010389238595962524
model.layers.15.self_attn.q_proj,4,128,2097152,1.2384560250211507e-05,0.014603923086484977,0.0329938605427742,0.01103920117020607
model.layers.15.self_attn.k_proj,4,128,1048576,7.66669381846441e-06,0.014717401594621352,0.0189383365213871,0.00906914472579956
model.layers.15.self_attn.v_proj,4,128,1048576,1.0123407264472917e-05,0.0151440762938556,0.0179268978536129,0.01073503028601408
model.layers.15.self_attn.o_proj,4,128,2097152,7.688197001698427e-06,0.014451995272981438,0.0227225162088871,0.00918889231979847
model.layers.15.mlp.gate_proj,4,128,3145728,1.119962083369804e-05,0.01492139766669262,0.03752791881561279,0.010844826698303223
model.layers.15.mlp.up_proj,4,128,3145728,9.408786960799867e-06,0.014900903155551756,0.02294921875,0.01032768003642559
model.layers.15.mlp.down_proj,4,128,3145728,9.494751187351843e-06,0.017080983118664995,0.0271344855427742,0.010333215817809105
model.layers.16.self_attn.q_proj,4,128,2097152,1.4674581507279072e-05,0.014733876966383083,0.0309709832072258,0.011443103663623333
model.layers.16.self_attn.k_proj,4,128,1048576,9.827836038311943e-06,0.01737701716984674,0.05908203125,0.009435281157493591
model.layers.16.self_attn.v_proj,4,128,1048576,9.97522147372365e-06,0.015115225891363321,0.01140485517680645,0.010699073784053326
model.layers.16.self_attn.o_proj,4,128,2097152,7.548087523900904e-06,0.014418645607408133,0.024169921875,0.009072946384549141
model.layers.16.mlp.gate_proj,4,128,3145728,1.1237619522338113e-05,0.015253708011398909,0.02880859375,0.01089704129844904
model.layers.16.mlp.up_proj,4,128,3145728,1.0396974782148996e-05,0.015428667118594721,0.0284598208963871,0.010818936862051487
model.layers.16.mlp.down_proj,4,128,3145728,1.0210544132860377e-05,0.017967330317925478,0.033447265625,0.010679240338504314
model.layers.17.self_attn.q_proj,4,128,2097152,1.3398364899330772e-05,0.0151663253704392,0.024169921875,0.011479604057967663
model.layers.17.self_attn.k_proj,4,128,1048576,8.118689038383309e-06,0.015021313231791919,0.0182407908141613,0.009310229681432247
model.layers.17.self_attn.v_proj,4,128,1048576,1.073775092663709e-05,0.015173776642901102,0.013916015625,0.011064534075558186
model.layers.17.self_attn.o_proj,4,128,2097152,7.60061084292829e-06,0.014419084616845629,0.0190778449177742,0.009116658940911293
model.layers.17.mlp.gate_proj,4,128,3145728,1.134206346857051e-05,0.015278747748303453,0.0277099609375,0.01093206275254488
model.layers.17.mlp.up_proj,4,128,3145728,1.0751158697530627e-05,0.01491266206077512,0.0208914615213871,0.011046954430639744
model.layers.17.mlp.down_proj,4,128,3145728,9.797303694843626e-06,0.017000483855524037,0.0262974314391613,0.01059067714959383
model.layers.18.self_attn.q_proj,4,128,2097152,1.3334962204680778e-05,0.014527112086195938,0.0295758917927742,0.011129012331366539
model.layers.18.self_attn.k_proj,4,128,1048576,8.048878953559324e-06,0.015587620721226263,0.0281982421875,0.009020031429827213
model.layers.18.self_attn.v_proj,4,128,1048576,9.934477930073626e-06,0.01538601481888421,0.01239013671875,0.010724671185016632
model.layers.18.self_attn.o_proj,4,128,2097152,7.06276114215143e-06,0.014512753181926425,0.01806640625,0.008901345543563366
model.layers.18.mlp.gate_proj,4,128,3145728,1.1498503833233068e-05,0.01550191724371007,0.042724609375,0.010939165018498898
model.layers.18.mlp.up_proj,4,128,3145728,1.104938686088038e-05,0.015021208766136137,0.0225830078125,0.011168506927788258
model.layers.18.mlp.down_proj,4,128,3145728,1.0894539930935329e-05,0.01737953289846248,0.0320870578289032,0.011110272258520126
model.layers.19.self_attn.q_proj,4,128,2097152,1.4676180398964789e-05,0.01459541158319508,0.0287388414144516,0.011390277184545994
model.layers.19.self_attn.k_proj,4,128,1048576,8.166724910552148e-06,0.015544273517118578,0.0292096808552742,0.009169730357825756
model.layers.19.self_attn.v_proj,4,128,1048576,1.0668995855667163e-05,0.015991569998340574,0.01433454267680645,0.010891446843743324
model.layers.19.self_attn.o_proj,4,128,2097152,7.80702248448506e-06,0.01445580879961182,0.0203508660197258,0.009320195764303207
model.layers.19.mlp.gate_proj,4,128,3145728,1.1118843152265375e-05,0.015483804645815698,0.0308837890625,0.010770906694233418
model.layers.19.mlp.up_proj,4,128,3145728,1.2327701066775868e-05,0.01529785601961778,0.03955078125,0.011721663177013397
model.layers.19.mlp.down_proj,4,128,3145728,1.2539933474423984e-05,0.017870623475073604,0.0299421027302742,0.011809296905994415
model.layers.20.self_attn.q_proj,4,128,2097152,1.6901287381188013e-05,0.01527410388584413,0.0313197523355484,0.012360092252492905
model.layers.20.self_attn.k_proj,4,128,1048576,9.826092536968645e-06,0.016002706667954638,0.022670209407806396,0.010133570060133934
model.layers.20.self_attn.v_proj,4,128,1048576,1.2377235179883428e-05,0.016929938389115377,0.0191650390625,0.011657508090138435
model.layers.20.self_attn.o_proj,4,128,2097152,8.844944204611238e-06,0.014706188259262514,0.025530129671096802,0.009873474016785622
model.layers.20.mlp.gate_proj,4,128,3145728,1.149078404220442e-05,0.015261856991446585,0.042689740657806396,0.01111337635666132
model.layers.20.mlp.up_proj,4,128,3145728,1.3359921770946434e-05,0.014947590585119921,0.033203125,0.012317483313381672
model.layers.20.mlp.down_proj,4,128,3145728,1.3063025107840076e-05,0.016534195644635586,0.0381208136677742,0.01212735939770937
model.layers.21.self_attn.q_proj,4,128,2097152,1.692732075753156e-05,0.014794799651753185,0.0285470150411129,0.01251523569226265
model.layers.21.self_attn.k_proj,4,128,1048576,1.0540711627982091e-05,0.01641665174248288,0.044921875,0.01004621759057045
model.layers.21.self_attn.v_proj,4,128,1048576,1.321100444329204e-05,0.015915145534214362,0.0183454230427742,0.012002360075712204
model.layers.21.self_attn.o_proj,4,128,2097152,9.725717063702177e-06,0.01448939265695461,0.021763384342193604,0.010363358072936535
model.layers.21.mlp.gate_proj,4,128,3145728,1.1799707863247022e-05,0.015011274704270498,0.0434919074177742,0.011336885392665863
model.layers.21.mlp.up_proj,4,128,3145728,1.5191767791596552e-05,0.014895146791182218,0.0438755601644516,0.013131272979080677
model.layers.21.mlp.down_proj,4,128,3145728,1.4219947236900529e-05,0.015591906127892135,0.04296875,0.012636423110961914
model.layers.22.self_attn.q_proj,4,128,2097152,1.6206828149734065e-05,0.014613423124789273,0.0245361328125,0.012324684299528599
model.layers.22.self_attn.k_proj,4,128,1048576,1.017467184283305e-05,0.015108773194578875,0.020751953125,0.010246742516756058
model.layers.22.self_attn.v_proj,4,128,1048576,1.3499491615220904e-05,0.0162332460423503,0.017333984375,0.012329238466918468
model.layers.22.self_attn.o_proj,4,128,2097152,9.480891094426624e-06,0.013999914800002407,0.0230712890625,0.01032139454036951
model.layers.22.mlp.gate_proj,4,128,3145728,1.2358247962159416e-05,0.014798376930210704,0.046630859375,0.011716325767338276
model.layers.22.mlp.up_proj,4,128,3145728,1.6221549837306764e-05,0.014677456950868356,0.044189453125,0.013662743382155895
model.layers.22.mlp.down_proj,4,128,3145728,1.5407291357405484e-05,0.015164724403830968,0.0450613871216774,0.01314601767808199
model.layers.23.self_attn.q_proj,4,128,2097152,1.388436066918075e-05,0.015105205738029644,0.02734375,0.011854252777993679
model.layers.23.self_attn.k_proj,4,128,1048576,9.945414603862446e-06,0.01563678718517019,0.0200544074177742,0.010227857157588005
model.layers.23.self_attn.v_proj,4,128,1048576,1.3002431842323858e-05,0.016461137942268573,0.0211704783141613,0.01202505361288786
model.layers.23.self_attn.o_proj,4,128,2097152,9.841858627623878e-06,0.014328548452854818,0.0194091796875,0.010556304827332497
model.layers.23.mlp.gate_proj,4,128,3145728,1.2538861483335495e-05,0.014436896949121827,0.0356096550822258,0.01192170474678278
model.layers.23.mlp.up_proj,4,128,3145728,1.6753874660935253e-05,0.014522836520025542,0.05126953125,0.01393286231905222
model.layers.23.mlp.down_proj,4,128,3145728,1.6010623464050393e-05,0.014849021144392485,0.049560546875,0.013342649675905704
model.layers.24.self_attn.q_proj,4,128,2097152,1.650259582675062e-05,0.015447119039812154,0.0313197523355484,0.01251058280467987
model.layers.24.self_attn.k_proj,4,128,1048576,9.973428859666456e-06,0.015561402870040162,0.0175083726644516,0.0100810956209898
model.layers.24.self_attn.v_proj,4,128,1048576,1.233562761626672e-05,0.01587079598840989,0.01443045400083065,0.011857638135552406
model.layers.24.self_attn.o_proj,4,128,2097152,9.940124982676934e-06,0.014232755103333508,0.0177699513733387,0.010624481365084648
model.layers.24.mlp.gate_proj,4,128,3145728,1.2183239353665462e-05,0.014425942291210974,0.042724609375,0.011772416532039642
model.layers.24.mlp.up_proj,4,128,3145728,1.7006374643339466e-05,0.01436636131152584,0.03271484375,0.014071417041122913
model.layers.24.mlp.down_proj,4,128,3145728,1.621215536336725e-05,0.01462889894462719,0.0345284566283226,0.013483614660799503
model.layers.25.self_attn.q_proj,4,128,2097152,1.6836163922562264e-05,0.015390194169028327,0.0280412957072258,0.012501043267548084
model.layers.25.self_attn.k_proj,4,128,1048576,8.654257726448122e-06,0.015380162482230664,0.01441301591694355,0.00946663599461317
model.layers.25.self_attn.v_proj,4,128,1048576,1.4875643501000013e-05,0.015731939278334765,0.015625,0.013028524816036224
model.layers.25.self_attn.o_proj,4,128,2097152,1.0909142474702094e-05,0.014103725668847999,0.0169328972697258,0.011140808463096619
model.layers.25.mlp.gate_proj,4,128,3145728,1.1688001298656067e-05,0.014551242151104985,0.0359235480427742,0.011522729881107807
model.layers.25.mlp.up_proj,4,128,3145728,1.7255821148864925e-05,0.014416102449840987,0.0472935289144516,0.01413775235414505
model.layers.25.mlp.down_proj,4,128,3145728,1.595398740998159e-05,0.014558801667970285,0.0428641214966774,0.013497994281351566
model.layers.26.self_attn.q_proj,4,128,2097152,1.9252154743298888e-05,0.015041601289227487,0.0244838148355484,0.013246568851172924
model.layers.26.self_attn.k_proj,4,128,1048576,8.196324415621348e-06,0.015064649675634305,0.016845703125,0.00924081914126873
model.layers.26.self_attn.v_proj,4,128,1048576,1.3064007362117991e-05,0.014954559383485895,0.01318359375,0.012255804613232613
model.layers.26.self_attn.o_proj,4,128,2097152,1.0759536053228658e-05,0.01422940349793407,0.02783203125,0.010794853791594505
model.layers.26.mlp.gate_proj,4,128,3145728,1.1637649246646712e-05,0.01486657641461527,0.07470703125,0.011345605365931988
model.layers.26.mlp.up_proj,4,128,3145728,1.6856897370113682e-05,0.014428529760443305,0.0777762234210968,0.013904626481235027
model.layers.26.mlp.down_proj,4,128,3145728,1.5058443144274255e-05,0.014969710353385705,0.0443987175822258,0.0130990045145154
model.layers.27.self_attn.q_proj,4,128,2097152,1.3494496670318767e-05,0.014323535710064566,0.0302036814391613,0.012030094861984253
model.layers.27.self_attn.k_proj,4,128,1048576,1.1789037671405822e-05,0.01447927467696283,0.0478515625,0.011452085338532925
model.layers.27.self_attn.v_proj,4,128,1048576,1.5056888514664024e-05,0.014421634343594279,0.0186767578125,0.01327914372086525
model.layers.27.self_attn.o_proj,4,128,2097152,1.1694334716594312e-05,0.013816836700904245,0.0216064453125,0.011646738275885582
model.layers.27.mlp.gate_proj,4,128,3145728,1.3656790542881936e-05,0.014549014839521014,0.0813336968421936,0.011852256022393703
model.layers.27.mlp.up_proj,4,128,3145728,1.570878885104321e-05,0.014691749334863047,0.0855189710855484,0.013069335371255875
model.layers.27.mlp.down_proj,4,128,3145728,1.2242312853535017e-05,0.016819958277725672,0.03955078125,0.011744738556444645
